StudID,LastName,FirstName
605729443,Lilah,Arnold
112147292,Alberto,Turner
404336848,Santiago,Krause
699024055,Edward,Duarte
978188936,Tommy,Ramsey
877947708,Mitchell,Macias
542105093,Vanessa,Barnes
334564084,Lia,Bradford
274810525,Valery,Herring
759870632,Paityn,Rogers
635829987,Kaden,Giles
559453207,Joshua,Rich
575228926,Memphis,Kline
343425336,Kyler,Steele
623708845,Elisha,Mckee
263804690,Chana,Moreno
983857695,Jayleen,Rowe
165400921,Alicia,Gates
491654550,Chloe,Frye
456148524,Lilia,Mcdonald
136113514,Misael,Ferrell
583027873,Nathanial,Brandt
690140110,Aidan,Guerra
222081434,Garrett,Soto
368499264,Brenda,Morgan
729791296,Jose,Perry
947063233,Lara,Cuevas
892036056,Adelyn,Buck
142808206,Angel,Gaines
843313002,Colby,Gordon
110657920,Michaela,Hess
950674859,Marley,Aguilar
207202600,Landen,Cabrera
484009525,Yoselin,Castro
748108199,Cullen,Hanson
473883317,Harper,Mckinney
581458351,Macy,Ali
123808241,Xavier,Poole
758257955,Kathleen,White
128177658,Emely,Bennett
517487386,Ramon,Davis
682224516,Finley,Francis
413861129,Jamie,Farley
908327507,Nelson,Frazier
617012364,Kaia,Oconnor
998278130,Cooper,Franco
243571416,Kaley,Oneal
306708265,Shiloh,Yang
481399422,Natalia,Kline
455202644,Edwin,Dominguez
740180691,Moriah,Cochran
553856771,Makhi,Fisher
916949949,Izabella,Vazquez
750167334,Mattie,Kelly
159936190,Sylvia,Stephens
367595173,Lola,Hodge
333469944,Alexzander,Gardne
122999867,Tamia,Martin
724070299,Pierre,Ho
573053946,Brendan,Tapia
836721625,Bryson,Cain
620171363,Cheyenne,Mckinney
456285896,Helena,Salazar
159493868,Charlize,Ramirez
966953948,Shyann,Wang
359841677,Rowan,Mccall
265838821,Houston,Atkinson
493540448,Nayeli,Gibbs
332313782,Addison,Coffey
364808503,Andreas,Boone
499516936,Gage,Tapia
245515484,Dominique,Francis
991984000,Moses,Garner
365999404,Carolyn,Mills
889338764,Zion,Rogers
848718984,Augustus,Collins
574533130,Charlie,Clayton
702190949,Esmeralda,Fowler
591790532,Tanya,Kemp
126445652,Gregory,Goodman
815925838,Nasir,Levy
684875622,Larry,Mccann
631298828,Khalil,Lin
972967316,Atticus,Maldonado
916023673,Rayna,Carpenter
723326522,Kimberly,Pollard
167641207,Alexander,Wheeler
633581581,Sophia,Humphrey
262276299,Jayce,Leach
753701529,Patricia,Moreno
436636730,Nola,Woodard
315155829,Broderick,Frankli
477697728,Lainey,Stout
649292633,Rory,Sherman
779562680,Rachael,Ingram
851759660,Gerald,Carr
723773546,Alexandra,Horn
793485107,Autumn,Davis
971733507,Frank,Peck
729390966,Aryan,Delgado
927469223,Catalina,Ray
762295652,Harry,Hoffman
969589741,Enzo,Lucas
186719797,Jimmy,Shah
995049886,Jon,Mooney
536201395,Jaqueline,Berger
833043821,Maria,Richmond
785482703,Abagail,Massey
688903787,Nathalie,Downs
379900723,Linda,Gilmore
196717367,Maximus,Silva
978352832,Axel,Cervantes
528333035,Darwin,Fuentes
942699982,Quinn,Simpson
482407764,Jillian,Weaver
248215482,June,Decker
594627882,Tianna,Austin
502123571,Muhammad,Howell
145520469,Elliana,Sparks
898890688,Phillip,Salinas
582698278,Enrique,Gonzalez
606449375,Dillon,Cooke
228514026,Alexandria,House
128949588,Fiona,Christensen
245267251,Ingrid,Vargas
938499378,Nora,Davenport
385118593,Waylon,Tapia
469840992,Caroline,Mata
870542447,Aaron,Frank
328129560,Savannah,Pope
222970928,Kolton,Mcdonald
261113335,Savion,Anderson
639887296,Jay,Swanson
826701250,Kyleigh,Alexander
226094844,Gaige,Bauer
331007921,John,Barnett
558109693,Drew,Rice
612233067,Seamus,Moore
740333893,Roy,Escobar
676831454,Hallie,Livingston
915305888,Harper,Vega
210638873,Rosa,Dickson
811955179,Kaylen,Hebert
577384689,Tate,Kirk
304095634,Derick,Barry
228808572,Franco,Hall
300814990,Kendall,Payne
207365318,Donald,Mays
629170712,Kristen,Meyers
848941338,Ayaan,Riley
422384092,Jaydin,Clay
245755354,Hannah,Bond
867339181,Elias,Estrada
886239241,Jon,Fry
768493799,Talan,Oconnor
801216851,Jaylin,Mullen
483702884,Maximilian,Arnold
880888243,Alonso,Hess
806599933,Kathryn,Raymond
915389303,Lila,Villanueva
771262607,Bobby,Wolfe
514807344,Valery,Petersen
527777035,Amare,Joseph
891781013,Bradyn,Hughes
199861967,Bryan,Rowe
631794683,Isis,Rivas
469122249,Marlee,Bowen
142720185,Tatum,Bullock
113414850,Lincoln,Cooke
262903776,Azaria,Mayer
969350991,Callum,Novak
322006368,Shayla,Nolan
740087349,Leonel,Orr
494519235,Daniella,Anderson
377932958,Alondra,Perry
282526484,Kaitlyn,Carr
340652109,Teresa,Goodman
709634340,Katelynn,Forbes
174786136,Kyleigh,Parks
425856230,Rafael,Rios
621439568,Shea,Stephens
215096753,Richard,Pitts
348222374,Jaxon,Pugh
585226655,Taylor,Carlson
756830053,Desmond,Archer
909515890,Kelton,Bonilla
969995522,Sanai,Riddle
891972041,Haleigh,Gonzales
759990184,Kevin,Shannon
305950513,Colton,Oliver
371310982,Joel,Duncan
993817412,Branson,Solomon
983379976,Izayah,Lynch
520223126,Keagan,Berry
638664403,Fabian,Kirk
881517259,Terrell,Bentley
484834721,Jaqueline,Knight
644162725,Quincy,Andrews
525001423,Josh,English
384265935,Douglas,Mata
